id,firstname,lastname,birthdate,country,email
1,Kristina,Hutchison,1984-06-23,AT,Kristina.Hutchison@mail.com
2,Katharina,Hebner,1987-10-28,SE,Katharina.Hebner@mail.com
3,Berta,Standing,1991-12-27,US,Berta.Standing@mail.com
4,Meriel,Gino,1962-04-10,KG,Meriel.Gino@mail.com
5,Clarice,Goddard,1974-05-16,SE,Clarice.Goddard@mail.com
6,Sabina,Noelyn,2000-06-11,SE,Sabina.Noelyn@mail.com
7,Arabel,Zina,1997-05-07,US,Arabel.Zina@mail.com
8,Adriana,Phyllis,1995-01-29,NO,Adriana.Phyllis@mail.com
9,Marsiella,Eckblad,1982-11-02,AE,Marsiella.Eckblad@mail.com
10,Annora,Zenas,1982-06-29,US,Annora.Zenas@mail.com
11,Karlee,Skurnik,2004-12-05,AT,Karlee.Skurnik@mail.com
12,Rebeca,Knowling,1963-06-07,AE,Rebeca.Knowling@mail.com
13,Mureil,Eldrid,1972-06-18,IT,Mureil.Eldrid@mail.com
14,Amelia,Xerxes,2001-07-23,AE,Amelia.Xerxes@mail.com
15,Orsola,Brunell,1990-04-22,IR,Orsola.Brunell@mail.com
16,Melanie,Hewitt,1970-01-01,UA,Melanie.Hewitt@mail.com
17,Elmira,Heidt,1988-04-14,LV,Elmira.Heidt@mail.com
18,Mariele,Bultman,2003-03-21,IR,Mariele.Bultman@mail.com
19,Lolita,Magdalen,2001-01-27,DE,Lolita.Magdalen@mail.com
20,Karena,Codding,1976-12-20,ES,Karena.Codding@mail.com
21,Bettine,Lilas,1997-08-27,FR,Bettine.Lilas@mail.com
22,Jackie,Georas,1988-01-09,US,Jackie.Georas@mail.com
23,Ninnetta,Yuille,1966-05-30,FR,Ninnetta.Yuille@mail.com
24,Mariele,Allare,1964-11-05,UA,Mariele.Allare@mail.com
25,Regina,Haldas,1973-05-26,ES,Regina.Haldas@mail.com
26,Carilyn,Llovera,1992-12-09,CZ,Carilyn.Llovera@mail.com
27,Marylou,Allare,1988-03-11,FR,Marylou.Allare@mail.com
28,Chastity,Fiester,2003-01-08,DE,Chastity.Fiester@mail.com
29,Netty,Ranjiv,1964-02-05,GB,Netty.Ranjiv@mail.com
30,Nananne,Kenwood,1995-02-14,IT,Nananne.Kenwood@mail.com
31,Carly,Gert,2003-11-19,HU,Carly.Gert@mail.com
32,Aili,Kirbee,1994-02-10,HU,Aili.Kirbee@mail.com
33,Latisha,Publia,1977-06-07,US,Latisha.Publia@mail.com
34,Rosabelle,Emanuel,1967-08-27,BE,Rosabelle.Emanuel@mail.com
35,Lyssa,Poll,1964-03-05,UA,Lyssa.Poll@mail.com
36,Harrietta,Francyne,1980-05-24,CZ,Harrietta.Francyne@mail.com
37,Barbara,Raseda,1988-04-25,PL,Barbara.Raseda@mail.com
38,Sonni,Milson,1964-08-09,US,Sonni.Milson@mail.com
39,Stacey,Pillsbury,1966-08-08,DE,Stacey.Pillsbury@mail.com
40,Lonnie,Sisile,1984-11-08,PT,Lonnie.Sisile@mail.com
41,Adelle,Carri,1968-12-16,AE,Adelle.Carri@mail.com
42,Alia,Cookie,1976-08-09,PL,Alia.Cookie@mail.com
43,Gretal,Sundin,1973-03-21,US,Gretal.Sundin@mail.com
44,Feliza,Odell,1979-12-02,EE,Feliza.Odell@mail.com
45,June,Bronk,2004-02-19,UA,June.Bronk@mail.com
46,Blondelle,Chabot,1976-07-31,NO,Blondelle.Chabot@mail.com
47,Natka,Agle,2004-10-20,PT,Natka.Agle@mail.com
48,Beverley,Lorenz,1993-06-16,FR,Beverley.Lorenz@mail.com
49,Carmencita,Mott,2005-02-07,UA,Carmencita.Mott@mail.com
50,Emilia,MacIntosh,1963-10-14,CZ,Emilia.MacIntosh@mail.com
51,Nanete,Bouchard,1970-07-29,DE,Nanete.Bouchard@mail.com
52,Dede,Ingra,1988-07-18,PL,Dede.Ingra@mail.com
53,Margarette,Ashok,1993-10-29,GB,Margarette.Ashok@mail.com
54,Gloria,Rodmann,1964-09-18,PT,Gloria.Rodmann@mail.com
55,Karolina,Joachim,1977-10-11,EE,Karolina.Joachim@mail.com
56,Corly,Klemperer,1979-05-14,IT,Corly.Klemperer@mail.com
57,Viviene,Wolfgram,1974-10-17,NO,Viviene.Wolfgram@mail.com
58,Zondra,Toor,1974-10-09,PR,Zondra.Toor@mail.com
59,Addia,Cressida,1980-02-22,US,Addia.Cressida@mail.com
60,Jere,Randene,1978-03-31,PL,Jere.Randene@mail.com
61,Siana,Lymann,1991-05-07,LV,Siana.Lymann@mail.com
62,Chloris,Germann,1968-08-20,DE,Chloris.Germann@mail.com
63,Danny,Trace,1978-10-30,LV,Danny.Trace@mail.com
64,Dominga,Arquit,2005-12-31,CZ,Dominga.Arquit@mail.com
65,Jaclyn,Quent,1964-06-27,FR,Jaclyn.Quent@mail.com
66,Lelah,Aldric,1969-05-04,IR,Lelah.Aldric@mail.com
67,Gusty,Han,1979-12-17,BE,Gusty.Han@mail.com
68,Eugine,Michella,1969-08-21,PL,Eugine.Michella@mail.com
69,Tierney,Glovsky,1966-05-04,IT,Tierney.Glovsky@mail.com
70,Dede,Niles,1987-04-25,ES,Dede.Niles@mail.com
71,Karly,Colyer,1987-10-16,IT,Karly.Colyer@mail.com
72,Rosanne,Lail,1970-08-12,GB,Rosanne.Lail@mail.com
73,Ebonee,Kauppi,1975-12-01,LV,Ebonee.Kauppi@mail.com
74,Rozele,Himelman,1967-06-14,AE,Rozele.Himelman@mail.com
75,Evaleen,Nisbet,2002-11-11,LV,Evaleen.Nisbet@mail.com
76,Cherrita,Lemuela,1974-03-03,GB,Cherrita.Lemuela@mail.com
77,Caryl,Muriel,1996-08-22,CZ,Caryl.Muriel@mail.com
78,Dorice,Shaver,2002-05-11,FI,Dorice.Shaver@mail.com
79,Mary,Lory,1975-04-05,FI,Mary.Lory@mail.com
80,Margette,Heisel,1977-02-20,FI,Margette.Heisel@mail.com
81,Donetta,Arvo,2005-04-01,GB,Donetta.Arvo@mail.com
82,Frank,Cherianne,2004-03-31,AE,Frank.Cherianne@mail.com
83,Ulrike,Imelida,1981-01-03,HU,Ulrike.Imelida@mail.com
84,Talya,Claudine,1971-05-03,CZ,Talya.Claudine@mail.com
85,Brooks,Palocz,1990-09-13,EE,Brooks.Palocz@mail.com
86,Cassandra,Ricki,1985-06-22,PR,Cassandra.Ricki@mail.com
87,Johna,Tjon,1984-06-10,HK,Johna.Tjon@mail.com
88,Aryn,Lamoree,2000-08-14,UA,Aryn.Lamoree@mail.com
89,Theodora,Mata,2003-09-20,FI,Theodora.Mata@mail.com
90,Emmey,Hailee,1963-09-29,AT,Emmey.Hailee@mail.com
91,Caryl,Howlyn,1973-01-02,AT,Caryl.Howlyn@mail.com
92,Christy,Weide,1979-12-01,FR,Christy.Weide@mail.com
93,Almeta,Zeeba,1974-06-20,FR,Almeta.Zeeba@mail.com
94,Nanete,Hollingsworth,1964-09-15,GB,Nanete.Hollingsworth@mail.com
95,Zaria,Socha,2004-05-04,UA,Zaria.Socha@mail.com
96,Lucille,Wilkinson,1993-02-14,IT,Lucille.Wilkinson@mail.com
97,Goldie,Fennessy,1976-07-03,LV,Goldie.Fennessy@mail.com
98,Adele,Anestassia,1994-07-22,AT,Adele.Anestassia@mail.com
99,Roxane,Haldas,1960-02-24,DE,Roxane.Haldas@mail.com
100,Jeanna,Modie,1997-07-09,PL,Jeanna.Modie@mail.com